ФИО;пол;почта;дата рождения;страна;телефон;направление;пароль;фото
Крюков Андрей Эдуардович;мужской;gregorio35@yahoo.com;12.12.1943;1;7(258)870-42-87;Дизайн;og3cDb;foto20.jpg
Рябова Астра Дмитриевна;женский;kylee.koelpin@yahoo.com;13.11.1952;2;7(470)721-04-41;Дизайн;Fx0cgl;foto21.jpg
Ковалёв Георгий Тихонович;мужской;shania.luettgen@hartmann.info;23.10.1973;4;7(291)326-55-14;Дизайн;y}MR2p;foto22.jpg
Матвеева Зоя Германовна;женский;alene93@yahoo.com;18.03.1984;7;7(948)257-73-71;ИТ;g}K3Ew;foto23.jpg
Игнатов Пантелей Денисович;мужской;ydickinson@gmail.com;16.09.1982;48;7(037)482-80-19;ИТ;NIlMCn;foto24.jpg
Захаров Харитон Еремеевич;мужской;deckow.kaya@johnson.com;21.01.1983;54;7(511)550-40-86;ИТ;3}r1g%;foto25.jpg
Третьякова Фия Валерьяновна;женский;euna.ratke@yahoo.com;11.04.1986;61;7(431)138-16-95;ИТ;Q*2Nld;foto26.jpg
Кабанова Данна Созоновна;женский;doyle.evangeline@gmail.com;01.11.1973;15;7(135)339-56-02;Биг Дата;TQ2EOZ;foto27.jpg
Крюкова Лилу Иосифовна;женский;bgleason@nicolas.biz;30.09.1989;49;7(62)713-06-71;Информационная безопасность;P6j4I7;foto28.jpg
Соболев Матвей Давидович;мужской;lorenz.koepp@gmail.com;06.10.1984;9;7(852)125-64-92;ИТ;wWHvyo;foto29.jpg
;;;;;;;;
;;;;;;;;
;;;;;;;;
